"word","zh","en_sentence","zh_sentence"
"husband","丈夫","My husband cooks dinner on weekends.","我的丈夫週末做晚餐。"
"wife","妻子","His wife teaches at the elementary school.","他的妻子在小學教書。"
"housewife","家庭主婦","The housewife cleans the house every morning.","那位家庭主婦每天早上打掃房子。"
"Miss","小姐","Miss Lin is our new English teacher.","林小姐是我們的新英語老師。"
"thirteen","十三","She is thirteen years old this year.","她今年十三歲。"
"fourteen","十四","He scored fourteen points in the game.","他在比賽中得到了十四分。"
"fifteen","十五","There are fifteen students in my class.","我的班上有十五位學生。"
"sixteen","十六","Sixteen birds sat on the fence.","有十六隻鳥坐在圍欄上。"
"seventeen","十七","They baked seventeen cookies for the party.","他們為派對烤了十七塊餅乾。"
"eighteen","十八","My sister turned eighteen last month.","我妹妹上個月滿十八歲。"
"nineteen","十九","Nineteen fish swam in the pond.","池塘裡有十九條魚游泳。"
"twenty","二十","Twenty students walked to school together.","二十名學生一起走去學校。"
"thirty","三十","The street is thirty meters long.","那條街有三十公尺長。"
"forty","四十","He picked forty apples from the tree.","他從樹上摘了四十顆蘋果。"
"fifty","五十","She saved fifty dollars for the trip.","她為這趟旅行存了五十元。"
"sixty","六十","It takes sixty minutes to finish this task.","完成這項任務需要六十分鐘。"
"seventy","七十","Seventy people attended the meeting.","有七十個人參加了會議。"
"eighty","八十","The road is eighty kilometers long.","這條路有八十公里長。"
"ninety","九十","She read ninety pages of the book.","她讀了這本書的九十頁。"
"thousand","千","They sold a thousand tickets for the concert.","他們為音樂會賣出了一千張票。"
"number","號碼","Please write your phone number here.","請在這裡寫下你的電話號碼。"
"workbook","作業本","Open your workbook to page ten.","請打開你的作業本到第十頁。"
"brush","刷子；刷(牙)","Use a brush to clean the whiteboard.","用刷子清潔白板。"
"cellphone","手機","Her cellphone rang during class.","她的手機在上課時響了。"
"scooter","踏板車；摩托車","He rides his scooter to the park.","他騎踏板車去公園。"
"party","派對","They have a birthday party on Saturday.","他們星期六有一場生日派對。"
"gift","禮物","She wrapped the gift for her friend.","她把禮物包好送給朋友。"
"noon","中午","We eat lunch at noon every day.","我們每天中午吃午餐。"
"break","打破；折斷","Be careful not to break the glass.","小心別把玻璃杯打破。"
"pretty","漂亮的","That flower is very pretty.","那朵花非常漂亮。"
"able","能；有能力的","She is able to solve the problem quickly.","她能很快地解決這個問題。"
"young","年輕的","The young boy plays soccer every day.","那個年輕男孩每天踢足球。"
"full","完全的；飽","I am full after eating dinner.","吃完晚餐後我很飽。"
"lucky","幸運的","You are lucky to find a seat.","你很幸運找到一個座位。"
"so","如此的","I was so tired after running.","跑完後我如此疲倦。"
"really","真地","She is really excited about the trip.","她對這次旅行真地很興奮。"
"during","在…期間","During the test, be quiet.","在考試期間要保持安靜。"
"near","在…附近","There is a park near my house.","我家附近有一個公園。"
"guess","猜想","I guess the answer is correct.","我猜想答案是對的。"
"dining room","飯廳","We eat dinner in the dining room.","我們在飯廳吃晚餐。"
"balcony","陽臺","He stands on the balcony to read.","他站在陽臺上看書。"
"koala","無尾熊","A koala sleeps in the tree all day.","無尾熊整天在樹上睡覺。"
"hippo","河馬","The hippo stands in the water.","河馬站在水裡。"
"zebra","斑馬","A zebra runs across the field.","斑馬跑過田野。"
"kangaroo","袋鼠","The kangaroo hops quickly.","袋鼠跳得很快。"
"person","人","That person is my neighbor.","那個人是我的鄰居。"
"people","人們","People are waiting for the bus.","人們在等公車。"
"man","男人","The man helps me cross the street.","那個男人幫我過馬路。"
"woman","女人","The woman buys groceries every day.","那位女人每天買食品雜貨。"
"center","中心","Meet me at the center of the park.","在公園的中心與我碰面。"
"future","未來","I want to travel in the future.","我想在未來旅行。"
"age","年齡","What is your age?","你的年齡是多少？"
"minute","分鐘","Please wait one minute.","請等一下，一分鐘。"
"Christmas","聖誕節","We give gifts on Christmas.","我們在聖誕節送禮物。"
"bell","鈴；鐘","Ring the bell when you arrive.","到達時請按鈴。"
"turkey","火雞","We eat turkey at Thanksgiving.","我們在感恩節吃火雞。"
"thing","事物；東西","What is this thing?","這是什麼東西？"
"glasses","眼鏡","She wears glasses to read.","她戴眼鏡看書。"
"belt","皮帶","Please buckle your belt.","請繫好你的皮帶。"
"think","想","I think this is correct.","我認為這是正確的。"
"quiet","安靜的","Be quiet during the test.","考試期間要保持安靜。"
"interesting","有趣的","This book is interesting.","這本書很有趣。"
"favorite","最喜愛的","Soccer is my favorite sport.","足球是我最喜愛的運動。"
"any","任何的","You can choose any color.","你可以選擇任何一種顏色。"
"wait","等待","Please wait for me outside.","請在外面等我。"
"worry","擔心；煩惱","Don’t worry about the test.","別為考試擔心。"
"get","拿到；取得","I want to get a new book.","我想拿到一本新書。"
"share","分享","Please share your snack with me.","請和我分享你的點心。"
"kick","踢","He can kick the ball far.","他能把球踢得很遠。"
"remember","記得","Remember to do your homework.","記得做你的作業。"
"fight","打架","Don’t fight with your friends.","不要和你的朋友打架。"
"shout","喊叫","Please don’t shout in the library.","請不要在圖書館喊叫。"
"behind","在…後面","The cat is behind the sofa.","貓在沙發後面。"
"front","前面","Wait in front of the school.","請在學校前面等。"
"between","在…之間","The ball is between the shoes.","球在兩隻鞋子之間。"
"down","向下","Sit down on the chair.","坐在椅子上。"
"then","那時；然後","First we eat, then we play.","我們先吃飯，然後再玩。"
"even","甚至","Even my little brother can do it.","連我弟弟都能做。"
"wrong","錯誤的","This answer is wrong.","這個答案是錯誤的。"
"many","許多的","There are many stars in the sky.","天空中有許多星星。"
"something","某事；某物","I have something to tell you.","我有事要告訴你。"
"everything","每件事","Everything is ready for the trip.","旅行的一切已經準備好了。"
"anything","任何事情","Is there anything I can help with?","有什麼我可以幫忙的嗎？"
"dodge ball","躲避球","We play dodge ball at gym class.","我們在體育課玩躲避球。"
"tennis","網球","She plays tennis every Saturday.","她每星期六打網球。"
"badminton","羽球","They play badminton after school.","他們放學後打羽球。"
"sport","運動","Soccer is a popular sport.","足球是一項受歡迎的運動。"
"player","選手；球員","He is a good volleyball player.","他是一名優秀的排球選手。"
"skate","溜冰","We skate at the rink on weekends.","我們週末在溜冰場溜冰。"
"past","過去；走過","He walked past the school.","他走過學校。"
"gym","體育館；健身房","We have gym class on Monday.","我們星期一有體育課。"
"rat","老鼠","A rat runs in the alley.","有一隻老鼠在巷子裡跑。"
"hour","小時","The movie lasts one hour.","這部電影長度是一小時。"
"story","故事","She tells a story before bed.","她睡前講故事。"
"centimeter","公分","The book is twenty centimeters long.","這本書長二十公分。"
"sure","確定的；確定地","Are you sure about your answer?","你對你的答案確定嗎？"
"only","唯一的；只有","This is the only cake left.","這是唯一剩下的蛋糕。"
"wonderful","美好的","We had a wonderful time at the park.","我們在公園度過了美好的時光。"
"well","好地","He speaks English very well.","他英文講得很好地。"
"hey","嘿；喂","Hey, wait for me!","嘿，等我一下！"
"catch","抓住","Try to catch the ball!","試著接住那顆球！"
"count","數；計算","Please count the books on the desk.","請數一數桌上的書。"
"hold","拿；舉辦","Please hold this for a second.","請幫我拿一下。"
"carry","搬運；攜帶","He carried the heavy bag.","他搬著沉重的包包。"
"love","愛","I love my family.","我愛我的家人。"
"kiss","吻","She gave her baby a kiss.","她親了她的寶寶一下。"
"else","其他的","What else do you need?","你還需要什麼？"
"May","五月","We have a holiday in May.","我們五月有假期。"
"before","在…之前","Wash your hands before you eat.","在你吃之前先洗手。"
"after","在…之後","Let’s play soccer after school.","放學之後我們來踢足球。"
"about","大約；關於","This book is about animals.","這本書是關於動物的。"
"or","或者；否則","Do you want tea or juice?","你要茶或者果汁？"
"off","脫下；離去","Take off your shoes at the door.","在門口把鞋子脫下。"
"noodle","麵條","I like noodle with soup.","我喜歡加湯的麵條。"
"chocolate","巧克力","Chocolate melts in your mouth.","巧克力在嘴裡融化。"
"shake","搖動","Please shake the bottle before drinking.","喝之前請搖動瓶子。"
"sugar","糖","Add sugar to your tea if you like it sweet.","如果你喜歡甜的，就在茶裡加糖。"
"meal","餐","We eat three meals a day.","我們一天吃三餐。"
"bottle","瓶子","Bring a water bottle to gym class.","去體育課時帶一個水瓶。"
"plate","盤子","Please put the cake on a plate.","請把蛋糕放到盤子上。"
"pick","撿起","Pick up the trash in the yard.","把院子裡的垃圾撿起來。"
"mean","吝嗇的；意指","What do you mean by that?","你那樣說是什麼意思？"
"first","第一(的)","She came in first in the race.","她在比賽中獲得第一名。"
"second","第二(的)","He finished second in the contest.","他在比賽中拿到第二名。"
"third","第三(的)","I got the third slice of pizza.","我拿到了第三片披薩。"
"money","錢","He saved his money to buy a toy.","他存錢想買一個玩具。"
"Mother's Day","母親節","We give flowers on Mother's Day.","我們在母親節送花。"
"idea","主意；點子","I have an idea for a new game.","我有一個新遊戲的點子。"
"because","因為","I am happy because I passed the test.","因為我考試及格，所以很開心。"
"drawer","抽屜","The toy is in the drawer.","玩具在抽屜裡。"
"bath","澡","I take a bath every night.","我每天晚上洗澡。"
"cow","母牛","A cow eats grass in the field.","母牛在田裡吃草。"
"market","市場","We go to the market on Sunday.","我們星期天去市場。"
"expensive","昂貴的","That toy is too expensive.","那個玩具太昂貴了。"
"cheap","便宜的","These shoes are very cheap.","這雙鞋子很便宜。"
"enough","足夠的","Do we have enough chairs?","我們有足夠的椅子嗎？"
"all","全部的；整個的","All students must bring their books.","所有學生都必須帶書來。"
"poor","可憐的；貧窮的；不佳的","The poor puppy needs food.","那隻可憐的小狗需要食物。"
"early","早的；早地","We wake up early every morning.","我們每天早上很早就起床。"
"dirty","髒的","Your shirt is dirty; please wash it.","你的襯衫很髒，請去洗。"
"easy","容易的","This question is easy to answer.","這個問題很容易回答。"
"hard","艱難的；硬的","The test was hard for me.","對我來說，考試很艱難。"
"busy","忙碌的","Mom is busy cooking dinner.","媽媽正忙著做晚餐。"
"free","空閒的；免費的","This game is free to play.","這個遊戲可以免費玩。"
"need","需要","I need a pencil to write.","我需要一支鉛筆來寫字。"
"end","結束","The movie will end soon.","電影很快就要結束了。"
"cost","花費","How much does it cost?","這要花費多少錢？"
"buy","購買","I will buy a gift for my friend.","我會為我的朋友買一份禮物。"
"put","放置","Put your bag on the desk.","把你的書包放在桌上。"
"feed","餵養","Feed the cat every morning.","每天早上餵那隻貓。"
"hate","討厭","I hate doing chores on weekends.","我討厭週末做家務。"
"sell","賣","They sell fresh vegetables at the market.","他們在市場賣新鮮蔬菜。"
"also","也","I like ice cream, and I also like cake.","我喜歡冰淇淋，也喜歡蛋糕。"
"once","一次","I went there only once last year.","我去年只去過那裡一次。"
"twice","兩次","He has visited Japan twice.","他去過日本兩次。"
"of","…的","This is a photo of my family.","這是一張我家人的照片。"
"place","住處；地方","This park is a nice place to relax.","這個公園是個很棒的放鬆地方。"
"road","道路","The road to school is crowded in the morning.","早上上學的道路很擁擠。"
"temple","寺廟","We visit the temple during the festival.","我們在節日期間參觀寺廟。"
"museum","博物館","The museum has ancient artifacts.","博物館裡有古代文物。"
"hotel","旅館；飯店","We stay at a hotel near the beach.","我們住在海灘附近的飯店。"
"season","季節","Spring is my favorite season.","春天是我最喜歡的季節。"
"high","高的","That building is very high.","那棟建築物非常高。"
"autumn","秋季；秋天","Leaves change color in autumn.","葉子在秋天變色。"
"snow","雪；下雪","It may snow tomorrow.","明天可能會下雪。"
"snowman","雪人","We built a snowman in the yard.","我們在院子裡堆了雪人。"
"plan","計畫","I have a plan to study abroad next year.","我計畫明年出國留學。"
"date","日期","What is the date today?","今天的日期是什麼？"
"Father's Day","父親節","We give gifts on Father's Day.","我們在父親節送禮物。"
"USA","美國","He hopes to study in the USA.","他希望到美國念書。"
"photo","照片","She took a photo of the sunset.","她拍了一張日落的照片。"
"mind","心智；介意","Mind your manners at the dinner table.","在餐桌上要注意禮貌。"
"work","作品；工作","I finish my work before dinner.","我在晚餐前完成工作。"
"exercise","運動","We do exercise every morning.","我們每天早上做運動。"
"turtle","海龜","The turtle swims slowly in the pond.","海龜在池塘裡慢慢游泳。"
"practice","練習","Practice your piano every day.","每天練習彈鋼琴。"
"race","競賽","They will race in the school competition.","他們將參加學校的競賽。"
"team","隊","Our soccer team won the match.","我們的足球隊贏得了比賽。"
"problem","問題；毛病","I need help with this math problem.","我需要人幫我解這個數學問題。"
"toe","腳趾","I stubbed my toe on the chair.","我撞到椅子，腳趾很痛。"
"kind","種類","There are many kinds of flowers here.","這裡有很多種類的花。"
"violin","小提琴","She plays the violin beautifully.","她小提琴拉得很美。"
"flute","長笛；橫笛","He learns to play the flute at school.","他在學校學習吹長笛。"
"special","特別的","Today is a special day for us.","今天對我們來說是特別的一天。"
"afraid","害怕的","She is afraid of spiders.","她害怕蜘蛛。"
"same","相同的","We have the same shoes.","我們有相同的鞋子。"
"different","不同的","They like different kinds of music.","他們喜歡不同種類的音樂。"
"snowy","下雪的","It is snowy outside today.","今天外面正在下雪。"
"dry","乾的；弄乾","Hang your clothes to dry in the sun.","把衣服掛到太陽下曬乾。"
"wet","濕的","My shoes got wet in the rain.","我的鞋子在下雨時濕了。"
"popular","受歡迎的","That movie is very popular with students.","那部電影在學生間非常受歡迎。"
"dark","暗的","It gets dark early in winter.","冬天天黑得很早。"
"know","知道；認識","Do you know how to solve this?","你知道如何解決這個嗎？"
"keep","保持；一直","Please keep the room tidy.","請保持房間整潔。"
"join","參加；加入","I want to join the art club.","我想加入美術社團。"
"throw","丟","Throw the ball to me.","把球丟給我。"
"hit","打擊；成功而風行一時的事物","He can hit the baseball far.","他能把棒球打得很遠。"
"enjoy","享受；喜愛","Enjoy your meal!","好好享受你的餐點！"
"bow","鞠躬","The actor will bow to the audience.","演員會向觀眾鞠躬。"
"win","贏","I hope to win the game today.","我希望今天能贏得比賽。"
"learn","學習","I like to learn new things.","我喜歡學新東西。"
"climb","爬","We climbed to the top of the hill.","我們爬上了山頂。"
"hike","健行；大幅增長","We went for a hike in the mountains.","我們在山裡健行。"
"camp","露營","We went to summer camp.","我們去參加夏令營。"
"everyone","每一位","Everyone is welcome.","歡迎所有人。"
"together","一起","Let’s do it together.","我們一起做吧。"
"ago","以前","I met him two years ago.","我兩年前遇見他。"
"never","從不","He never eats vegetables.","他從不吃蔬菜。"
"always","總是","He always arrives on time.","他總是準時到達。"
"usually","通常","I usually wake up at 7 AM.","我通常早上7點起床。"
"sometimes","有時候","Sometimes I walk to school.","我有時候走路上學。"
"seldom","很少；不常","He seldom eats candy at night.","他晚上很少吃糖果。"
"was","是；在（am/is 的過去式）","She was happy yesterday.","她昨天很開心。"
"were","是；在（are 的過去式）","They were at school this morning.","他們今天早上在學校。"
"insect","昆蟲","A butterfly is a beautiful insect.","蝴蝶是一種美麗的昆蟲。"
"bat","蝙蝠；球棒","A bat flies at night.","蝙蝠在夜晚飛行。"
"butterfly","蝴蝶","A butterfly landed on the flower.","一隻蝴蝶停在花上。"
"spider","蜘蛛","A spider made a web in the corner.","蜘蛛在角落結了一張網。"
"whale","鯨魚","The whale swims in the ocean.","鯨魚在海裡游泳。"
"hill","小山丘","They climbed up the hill.","他們爬上了小山丘。"
"island","島嶼","They went to a tropical island.","他們去了熱帶島嶼。"
"present","禮物；現在；呈現","I gave her a birthday present.","我送她生日禮物。"
"junior high school","國中","He studies at a junior high school.","他在國中讀書。"
"course","課程","This is a beginner’s course.","這是一門初級課程。"
"art","藝術","I love modern art.","我喜歡現代藝術。"
"history","歷史","I like reading about history.","我喜歡讀歷史。"
"science","科學","Science class is interesting.","科學課很有趣。"
"lesson","課；教訓","I learned a lesson today.","我今天學到了一課。"
"subject","學科；科目","Math is my favorite subject.","數學是我最喜歡的科目。"
"test","測驗","We have a test on Friday.","我們星期五有一次測驗。"
"vacation","假期","Vacation starts next week.","假期下週開始。"
"holiday","假日","We rest at home on the holiday.","假日我們待在家裡休息。"
"Teacher's Day","教師節","We give cards on Teacher's Day.","我們在教師節送卡片。"
"festival","節日","The festival has many performances.","節日有許多表演。"
"Moon Festival","中秋節","We eat mooncakes on Moon Festival.","中秋節我們吃月餅。"
"half","一半；二分之一","Cut the sandwich in half.","把三明治切成一半。"
"quarter","四分之一；十五分鐘","School starts in a quarter hour.","學校在十五分鐘後開始。"
"noise","聲音；噪音","Turn down the noise, please.","請降低噪音。"
"show","表演；展現","We watch a show at the theater.","我們在劇院看表演。"
"start","開始","The race will start soon.","比賽很快就要開始。"
"stay","停留","Please stay here until I return.","請在這裡停留直到我回來。"
"Ms.","小姐","Ms. Chen is our new English teacher.","陳小姐是我們的新英語老師。"
"kid","小孩","The kids play in the park every day.","這些小孩每天在公園玩。"
"child","孩童","Every child needs a good education.","每個孩童都需要良好的教育。"
"boat","船","We ride a boat on the lake during summer.","夏天我們在湖上坐船。"
"floor","地板；層","The ball rolled across the floor.","球在地板上滾來滾去。"
"frisbee","飛盤","They throw a frisbee at the beach.","他們在海灘拋飛盤。"
"hurt","疼痛；受傷","Be careful or you might hurt yourself.","小心，不然你可能會受傷。"
"begin","開始","The movie will begin at six o’clock.","電影將在六點開始。"
"finish","完成；結束","I finish my homework before dinner.","我在晚餐前完成作業。"
"happen","發生","What will happen next?","接下來會發生什麼？"
"jog","慢跑","I jog in the park every morning.","我每天早上在公園慢跑。"
"hop","跳","The bunny can hop very fast.","那隻兔子能跳得很快。"
"teach","教導","She will teach us math tomorrow.","她明天要教我們數學。"
"important","重要的","It is important to finish your homework.","完成作業很重要。"
"health","健康","Good sleep is essential for your health.","良好的睡眠對你的健康很重要。"
"healthy","健康的","She eats healthy food every day.","她每天吃健康的食物。"
"weak","虛弱的","He felt weak after the long run.","長跑後他感到虛弱。"
"terrible","可怕的","That thunderstorm last night was terrible.","昨晚的雷雨非常可怕。"
"funny","有趣的","Her joke was very funny.","她的笑話非常有趣。"
"lot","很多","He has a lot of books in his room.","他房間裡有很多書。"
"already","已經","I already finished my lunch.","我已經吃完午餐了。"
"just","剛才；只","I just arrived at school.","我剛才到學校。"
"why","為什麼","Why are you so happy today?","你今天為什麼這麼高興？"
"couch","沙發","He sits on the couch to watch TV.","他坐在沙發上看電視。"
"give","給","Please give me the pencil.","請把鉛筆給我。"
"garden","花園","They grow roses in their garden.","他們在花園裡種玫瑰。"
"grass","草地","We lie on the grass to read books.","我們躺在草地上看書。"
"refrigerator","冰箱","Put the milk back in the refrigerator.","把牛奶放回冰箱。"
"police","警察","The police help keep the city safe.","警察幫助保持城市安全。"
"officer","官員","The officer gave us directions.","那位官員給了我們指引。"
"actress","女演員","The actress performed on stage.","那位女演員在舞臺上表演。"
"writer","作家","The writer is working on a new book.","那位作家正在寫新書。"
"reporter","記者","The reporter asked questions at the event.","記者在活動中提問。"
"fisherman","漁夫","The fisherman caught a big fish this morning.","漁夫今天早上捕到了一條大魚。"
"factory","工廠","The factory makes toys for children.","這家工廠為孩子們製造玩具。"
"again","再一次","Please say that again.","請再說一次。"
"mail","信件；郵寄","I need to mail this letter today.","我今天需要郵寄這封信。"
"mailman","郵差","The mailman delivers letters every morning.","郵差每天早上送信。"
"glove","手套","Wear gloves when it’s cold.","天冷時要戴手套。"
"ring","戒指","She wears a gold ring on her finger.","她手指上戴著一枚金戒指。"
"rope","繩索","Tie the box with a rope.","用繩索綁好那個箱子。"
"medicine","藥","Take your medicine after dinner.","晚餐後服用你的藥。"
"stomach","胃","My stomach hurts after eating too much.","吃太多後我的胃很疼。"
"fever","發燒","He has a fever and needs to rest.","他發燒了，需要休息。"
"throat","喉嚨","Her throat is sore from singing.","她因為唱歌喉嚨很痛。"
"sore","疼痛","My muscles are sore after exercise.","運動後我的肌肉很疼痛。"
"language","語言","Learning a new language is fun.","學習新語言很有趣。"
"band","樂團","The band plays music at the concert.","那個樂團在音樂會上演奏。"
"drum","鼓","He plays the drum in the school band.","他在學校樂團裡打鼓。"
"picnic","野餐","We have a picnic by the lake.","我們在湖邊野餐。"
"goat","山羊","The goat eats grass on the farm.","山羊在農場吃草。"
"rose","玫瑰","She smells the rose in the garden.","她聞了聞花園裡的玫瑰。"
"foreigner","外國人","A foreigner asked for directions.","一位外國人問路。"
"e-mail","電子郵件","I send an e-mail to my teacher.","我寄了一封電子郵件給我的老師。"
"honey","蜂蜜","We put honey on our toast.","我們在吐司上塗蜂蜜。"
"dear","親愛的","Dear friend, thank you for your help.","親愛的朋友，謝謝你的幫助。"
"common","共同的；普遍的","It is common to say hello in the morning.","早上打招呼是很普遍的。"
"little","小的；很少的","There is little water left in the bottle.","瓶子裡只剩下一點水。"
"straight","直的；直接地","Walk straight to reach the library.","直走就能到圖書館。"
"understand","了解","I understand the lesson well.","我很了解這課。"
"invite","邀請","I invite my friends to my birthday party.","我邀請朋友來參加我的生日派對。"
"visit","拜訪；參觀","We visit the museum on Saturday.","我們星期六去參觀博物館。"
"prepare","準備","Please prepare your workbook before class.","上課前請準備好你的作業本。"
"mop","拖(地)；拖把","She uses a mop to clean the floor.","她用拖把拖地。"
"send","寄","I send a letter to my grandmother.","我寄信給我的奶奶。"
"could","can的過去式","When I was young, I could run very fast.","我年輕時能跑得很快。"
"still","仍然","He is still sleeping at eight o’clock.","他在八點仍然在睡覺。"
"soon","很快地","Dinner will be ready soon.","晚餐很快就做好了。"
"me","我(受格)","Please give that book to me.","請把那本書給我。"
"him","他(受格)","I saw him at the park yesterday.","昨天我在公園看到他。"
"often","常常","We often play basketball after school.","放學後我們常常打籃球。"
"us","我們(受格)","They gave us new textbooks.","他們給我們新的課本。"
"them","他們(受格)","I invited them to dinner.","我邀請他們吃晚餐。"
"mine","我的…","This pencil is mine.","這支鉛筆是我的。"
"yours","你(們)的…","Is this pen yours?","這支筆是你（們）的嗎？"
"hers","她的…","That book is hers.","那本書是她的。"
"birthday","生日","My birthday is in July.","我的生日在七月。"
"ours","我們的…","This house is ours.","這間房子是我們的。"
"theirs","他們的…","Those shoes are theirs.","那些鞋子是他們的。"
"cap","帽子","He wears a cap when he plays baseball.","他打棒球時戴帽子。"
"jeans","牛仔褲","She wears jeans to school.","她穿牛仔褲上學。"
"sweater","毛衣","I put on a sweater because it is cold.","因為天冷我穿了毛衣。"
"American","美國人","My teacher is an American.","我的老師是一位美國人。"
"waiter","服務生","The waiter brings our food quickly.","服務生很快就把我們的食物端來。"
"clerk","店員","The clerk at the store is friendly.","店裡的店員很友善。"
"job","工作","My dad has a job at the bank.","我爸爸在銀行有份工作。"
"gray","灰色的","The sky is gray today.","今天的天空是灰色的。"
"purple","紫色的","She bought a purple backpack.","她買了一個紫色的書包。"
"airplane","飛機","The airplane flies above the clouds.","飛機飛在雲上。"
"motorcycle","機車","He rides his motorcycle to school.","他騎機車去學校。"
"street","街道","The street near my house is busy.","我家附近的街道很繁忙。"
"town","城鎮","Our town has a beautiful park.","我們的城鎮有一座漂亮的公園。"
"block","街區","The school is two blocks away.","學校在兩個街區外。"
"city","城市","New York City is very large.","紐約城市非常大。"
"corner","轉角；角落","Turn left at the corner.","在轉角處向左轉。"
"department store","百貨公司","We buy clothes at the department store.","我們在百貨公司買衣服。"
"theater","劇院","We watch plays at the theater.","我們在劇院看戲。"
"movie theater","電影院","They go to the movie theater on Friday.","他們星期五去電影院。"
"crazy","著迷的","He is crazy about basketball.","他對籃球很著迷。"
"shop","商店","We buy snacks at the shop.","我們在商店買零食。"
"flower shop","花店","She buys roses at the flower shop.","她在花店買玫瑰。"
"station","車站","We wait for the train at the station.","我們在車站等火車。"
"police station","警察局","The police station is near the park.","警察局在公園附近。"
"railway","鐵路","The train runs on the railway every hour.","火車每小時在鐵路上行駛。"
"turn","轉彎","Turn the wheel to the right.","把方向盤向右轉。"
"left","左方；向左方","Keep left on the road.","在道路上保持靠左。"
"right","右方；向右方","Turn right at the traffic light.","在紅綠燈處向右轉。"
"stamp","郵票","Put a stamp on the envelope.","在信封上貼郵票。"
"news","消息；新聞","He reads the news every morning.","他每天早上看新聞。"
"blanket","毯子","I cover myself with a blanket when it’s cold.","天冷時我用毯子蓋著自己。"
"change","零錢；改變","I need change to buy a snack.","我需要零錢買點心。"
"find","找到；找尋","Can you help me find my pencil?","你能幫我找到我的鉛筆嗎？"
"lose","弄丟；失去","Don't lose your ticket at the concert.","在演唱會上不要弄丟你的票。"
"stop","停止","Stop talking when the teacher enters.","老師進來時要停止講話。"
"arrive","到達","We arrive at school at eight o'clock.","我們八點到達學校。"
"bring","攜帶；帶來","Please bring your workbook tomorrow.","請明天帶上你的作業本。"
"spend","花（錢；時間）","I spend one hour on homework every day.","我每天花一小時做作業。"
"pay","付（錢）","You must pay for the bus ticket.","你必須付公車票錢。"
"up","向上","Look up at the sky to see the stars.","抬頭看天空中的星星。"
"agree","同意","I agree with your idea.","我同意你的想法。"
"garbage","垃圾","Please throw the garbage in the bin.","請把垃圾丟進垃圾桶。"
"forget","忘記","Don't forget to bring your hat.","別忘了帶你的帽子。"
"hear","聽","Can you hear the birds singing?","你能聽到鳥兒在唱歌嗎？"
"another","另一個的","I want another piece of cake.","我想要另一塊蛋糕。"
"delicious","美味的","The soup is very delicious.","這碗湯非常美味。"
"yummy","好吃的","Those cookies are so yummy!","那些餅乾好好吃！"
"difficult","困難的","This math problem is difficult.","這道數學題很困難。"
"as","作為；依照","She works as a volunteer on weekends.","她週末作為志工工作。"
"own","自己的","I have my own desk at home.","我在家裡有自己的書桌。"
"true","真實的","Is this story true?","這個故事是真的嗎？"
"sea","海","We swim in the sea during summer vacation.","暑假我們在海裡游泳。"
"welcome","歡迎","Welcome to our classroom!","歡迎來到我們的教室！"
"proud","驕傲的","I am proud of my little brother.","我為我的弟弟感到驕傲。"
"away","離…多遠","The school is two kilometers away.","學校離這裡兩公里遠。"
"will","將（助動詞）","I will help you with your homework.","我將幫你做作業。"
"camera","照相機","She uses a camera to take photos.","她用照相機拍照。"
"radio","廣播；收音機","He listens to the radio every morning.","他每天早上聽廣播。"
"machine","機器","The machine makes a loud noise.","那台機器發出很大的聲音。"
"tape","錄音帶","We play the tape in music class.","我們在音樂課播放錄音帶。"
"myself","我自己","I can do it myself.","我自己能做到。"
"yourself","你自己","Take care of yourself when you travel.","旅行時要照顧好你自己。"
"yourselves","你們自己","Be proud of yourselves!","為你們自己感到驕傲！"
"himself","他自己","He fixed the bike himself.","他自己修好了那輛自行車。"
"herself","她自己","She cooked dinner by herself.","她自己煮晚餐。"
"itself","它自己","The cat cleaned itself.","那隻貓自己清潔。"
"ourselves","我們自己","We built the treehouse ourselves.","我們自己搭建了樹屋。"
"themselves","他們自己","They painted the fence themselves.","他們自己粉刷了圍欄。"
"recorder","記錄器；錄音機","We listen to the recorder in music class.","我們在音樂課聽錄音機。"
"video","錄影帶","The teacher shows a video about history.","老師播放一段關於歷史的錄影帶。"
"price","價錢","What is the price of this book?","這本書的價錢是多少？"
"total","總計；全部的","The total cost is fifty dollars.","總計花費是五十元。"
"watermelon","西瓜","We eat watermelon in summer.","夏天我們吃西瓜。"
"papaya","木瓜","Papaya is sweet and delicious.","木瓜又甜又美味。"
"lemon","檸檬","Lemon juice is very sour.","檸檬汁非常酸。"
"guava","芭樂","Guava is green on the outside.","芭樂外皮是綠色的。"
"sir","先生（尊稱）","Excuse me, sir, where is the bus stop?","不好意思，先生，公車站在哪裡？"
"Dr.","博士；醫生","Dr. Lee helps patients feel better.","李醫生幫助病人感覺好一點。"
"neighbor","鄰居","My neighbor waters my plants when I'm away.","我不在時，我的鄰居會幫我澆花。"
"Easter","復活節","We hunt for eggs on Easter.","復活節我們去尋蛋。"
"basket","籃子","I carry apples in a basket to the picnic.","我用籃子把蘋果帶到野餐。"
"church","教堂","We go to church on Sunday morning.","我們星期天早上去教堂。"
"hunt","打獵","My grandfather used to hunt in the forest.","我爺爺以前在森林裡打獵。"
"roll","滾動；晃動","The ball will roll down the hill.","球會從小山滾下來。"
"hang","掛；懸吊","Please hang your coat on that hook.","請把外套掛在那個掛勾上。"
"snack","點心；小吃","I eat a snack after school every day.","我每天放學後都吃點心。"
"tool","工具","He uses a tool to fix the bike.","他用工具修理自行車。"
"letter","信；字母","I write a letter to my friend every week.","我每週都給朋友寫一封信。"
"envelope","信封","Put the letter inside the envelope.","把信放進信封裡。"
"ground","地面","The children sit on the ground to play.","孩子們坐在地面上玩。"
"R.O.C.","中華民國","The flag of the R.O.C. flies on the building.","中華民國的國旗飄揚在那棟建築上。"
"world","世界","He dreams of traveling around the world.","他夢想環遊世界。"
"seed","種子","She plants a seed in the pot.","她在花盆裡種下一粒種子。"
"other","其他","I have no other ideas right now.","目前我沒有其他想法。"
"taste","味道；嚐","Please taste the soup and tell me if it needs salt.","請嚐嚐湯，告訴我是否需要加鹽。"
"smell","氣味；聞","I smell cookies baking in the oven.","我聞到烤箱裡餅乾的香味。"
"sound","聲音；聽","Do you hear the sound of birds in the morning?","你聽到早晨鳥兒的聲音嗎？"
"feel","感覺","I feel cold when I go outside without a coat.","如果我不穿外套出門，我會感到寒冷。"
"large","大的","They lived in a large house near the lake.","他們住在靠近湖邊的一棟大房子裡。"
"heavy","重的","This box is too heavy for me to lift.","這個箱子對我來說太重了，無法抬起。"
"try","試做","I will try my best on the exam.","我會在考試中盡力而為。"
"comfortable","舒適的","This chair is very comfortable to sit on.","這張椅子坐起來非常舒適。"
"successful","成功的","She felt successful after finishing the race.","她跑完比賽後感到很成功。"
"famous","有名的","The famous singer visited our school.","那位有名的歌手來訪我們學校。"
"care","關心；喜歡","She takes care of her little brother every day.","她每天照顧她的弟弟。"
"careful","小心的","Be careful when you cross the street.","過馬路時要小心。"
"friendly","友善的","The neighbors are very friendly to us.","鄰居對我們非常友善。"
"fresh","新鮮的","We picked fresh strawberries from the farm.","我們從農場採摘了新鮮的草莓。"
"sweet","甜美的","The cake tastes sweet and soft.","蛋糕嘗起來甜美又鬆軟。"
"each","每一；每個","Each student must bring a pencil to class.","每個學生都必須帶鉛筆來上課。"
"swing","搖擺；鞦韆","The children love to swing at the playground.","孩子們喜歡在遊樂場的鞦韆上搖擺。"
"slide","滑動；滑坡","Please slide the door open slowly.","請慢慢地把門滑開。"
"hide","躲藏","He likes to hide behind the tree during games.","他喜歡在遊戲時躲在樹後面。"
"restaurant","餐廳","We celebrate our birthday at a restaurant.","我們在餐廳慶祝生日。"
"drop","掉落；滴下","Be careful not to drop the vase.","小心別把花瓶掉落。"
"move","搬；感動","Please help me move the table to the corner.","請幫我把桌子搬到角落。"
"paste","黏貼","Paste the picture into your notebook.","把圖片黏貼到你的筆記本上。"
"become","變成；成為","He wants to become a doctor when he grows up.","他長大後想成為一名醫生。"
"around","在…附近","There are many shops around the school.","學校附近有很多商店。"
"more","更多的","I want more pages to read.","我想要更多頁面來閱讀。"
"most","最多的；多數的","She has the most stickers in the class.","她在班上擁有最多的貼紙。"
"whose","誰的","Whose backpack is this on the desk?","桌上的書包是誰的？"
"than","比","My brother is taller than me.","我哥哥比我高。"
"heart","心臟","My heart beats fast when I run.","我跑步時心臟跳得很快。"
"arm","手臂","He holds the book in his arm.","他用手臂抱著書。"
"nail","指甲","Please clean under your nails after playing.","玩完後請把指甲底下清乾淨。"
"knee","膝蓋","He fell and hurt his knee during the game.","他在遊戲中跌倒，膝蓋受傷了。"
"shoulder","肩膀","Carry your bag on one shoulder.","把書包掛在一邊肩膀上。"
"part","部分","This is the best part of the story.","這是故事中最精彩的部分。"
"rest","休息","Take a rest before you continue studying.","在繼續學習前先休息一下。"
"cut","切；傷口","Be careful not to cut your finger when you slice the bread.","當你切麵包時，小心別割到手指。"
"fill","裝滿","Please fill the water bottle before the hike.","請在健行前把水瓶裝滿。"
"pack","包；裝箱","I need to pack my clothes for the weekend trip.","我需要為週末旅行把衣服打包。"
"package","包裹；包裝","The delivery man dropped off a package at our door.","送貨員把一個包裹放在我們家門口。"
"air","空氣","Open the window to let fresh air into the room.","打開窗戶讓新鮮空氣進入房間。"
"smoke","菸；抽菸","The campfire started to smoke when the wind blew.","風一吹，營火就冒起了煙。"
"earth","地球","Astronauts study earth from space.","太空人從太空中研究地球。"
"plant","植物；種植","We plant flowers in the garden every spring.","我們每年春天在花園裡種花。"
"life","生活；生命","Watching the city lights makes me appreciate life.","看著城市的燈光讓我更珍惜生活。"
"light","燈光；光線；輕的","Turn on the light so we can see the path.","打開燈光，讓我們看清道路。"
"tub","缸；盆；桶","She filled the tub with soapy water to wash the dog.","她把盆子裝滿肥皂水來幫狗洗澡。"
"mat","踏墊；墊子","Wipe your feet on the mat before entering the house.","進屋前請先在踏墊上擦腳。"
"candle","蠟燭","They lit a candle at the head of the birthday cake.","他們在生日蛋糕前插上一根蠟燭並點燃。"
"lamp","檯燈","She turned on the lamp to read her book at night.","她晚上打開檯燈看書。"
"fire","火","The campers gathered around the fire to roast marshmallows.","露營者聚集在火邊烤棉花糖。"
"wind","風","The wind blew her hair as she walked by the sea.","當她在海邊散步時，風吹動了她的頭髮。"
"sky","天空","The sky turned pink and orange during sunset.","夕陽時，天空變成粉紅色和橙色。"
"rainbow","彩虹","We saw a rainbow after the rain stopped.","雨停後我們看到了一道彩虹。"
"yet","尚未；然而","I haven’t finished my homework yet.","我尚未完成我的作業。"
"wave","波浪；海浪","The surfers rode the big wave at sunrise.","衝浪者在日出時騎著大浪。"
"rock","石頭","He skipped a rock across the pond.","他把一塊石頭在池塘上打水漂。"
"nature","大自然","We love exploring nature on our camping trips.","我們喜歡在露營旅行中探索大自然。"
"land","陸地；登陸","The plane will land in five minutes.","飛機將在五分鐘後降落。"
"pond","池塘","Ducks swim in the pond every morning.","鴨子每天早上在池塘裡游泳。"
"mud","泥巴","His shoes were covered in mud after the soccer game.","足球賽後，他的鞋子全是泥巴。"
"mountain","山","They hiked to the top of the mountain before dawn.","他們在破曉前爬上了那座山的山頂。"
"beach","海灘","We built a sandcastle on the beach yesterday.","我們昨天在海灘上堆了一座沙堡。"
"river","河流","The children played by the river on a sunny day.","孩子們在一個陽光明媚的日子裡在河邊玩耍。"
"lake","湖泊","They rented a boat on the lake for fishing.","他們在湖上租了一艘船去釣魚。"
"please","請；取悅","Please sit down and enjoy the show.","請坐下，欣賞表演。"
"chance","機會","I want to get a chance to perform in the school play.","我想得到機會在校園劇中表演。"
"prize","獎品","She won a prize for her drawing in the contest.","她在比賽中因畫作獲得獎品。"
"moment","時刻","Wait a moment, I need to tie my shoe.","等一下，我需要綁鞋帶。"
"giant","巨人；巨大的","In the fairy tale, a giant guards the castle.","在童話裡，一個巨人守護著城堡。"
"mile","英里","They ran five miles in the marathon.","他們在馬拉松中跑了五英里。"
"mad","生氣的；瘋狂的","He was so mad when he lost the game.","當他輸掉比賽時，他非常生氣。"
"lonely","孤獨的","She felt lonely after moving to a new city.","搬到新城市後，她感到很孤獨。"
"unhappy","不快樂的","He was unhappy because he missed the bus.","因為他錯過了公車，他感到不快樂。"
"shy","害羞的","She is too shy to speak in front of the class.","她太害羞，無法在全班面前講話。"
"ice","冰","The pond froze and turned to ice overnight.","池塘一夜之間結冰變成冰面。"
"loud","大聲的；吵鬧的","The music was so loud that we had to cover our ears.","音樂非常大聲，我們不得不用手捂住耳朵。"
"strange","奇怪的","It felt strange to walk in the dark forest.","在黑暗的森林中行走讓人感到奇怪。"
"both","兩者","Both of my sisters play piano.","我的兩個妹妹都會彈鋼琴。"
"bright","明亮的","The room is bright thanks to the large windows.","由於有大窗戶，這間房間很明亮。"
"convenient","便利的","Living near the station is very convenient.","住在車站附近非常便利。"
"fix","修理；確定","He learned how to fix his bike after it broke.","自行車壞了之後，他學會了如何修理。"
"choose","選擇","Choose a book you like for silent reading time.","在安靜閱讀時間，選擇一本你喜歡的書。"
"fact","事實","It’s a fact that plants need sunlight to grow.","植物需要陽光才能生長，這是一個事實。"
"cry","哭；大叫","Babies often cry when they are hungry.","嬰兒餓了時常常會哭。"
"smile","微笑","Her smile brightened everyone’s day.","她的微笑讓大家的心情都變好了。"
"save","拯救；儲存","Please save your work before you leave.","離開前請儲存你的作業。"
"tell","告訴","Can you tell me a story?","你可以告訴我一個故事嗎？"
"maybe","也許","Maybe we can go tomorrow.","也許我們可以明天去。"
"either","任一；也不","You can choose either answer.","你可以選擇任一個答案。"
"sit","坐","Please sit down.","請坐下。"
"quick","快速的","He is a quick runner.","他是個跑得快的人。"
"ticket","票","I bought a movie ticket.","我買了一張電影票。"
"carefully","小心地；仔細地","Read the question carefully.","仔細閱讀題目。"
"until","直到","Wait here until I come back.","在這裡等到我回來。"
"nothing","什麼也沒有","There’s nothing in the box.","盒子裡什麼也沒有。"
"must","必須","You must do your homework first.","你必須先做功課。"
"should","應該","You should eat more vegetables.","你應該多吃蔬菜。"
"bean","豆子","There are beans in the soup.","湯裡有豆子。"
"bun","小圓麵包","I ate a bun for breakfast.","我早餐吃了一個小圓麵包。"
"butter","奶油","She spread butter on the bread.","她把奶油抹在麵包上。"
"cheese","起司","I love pizza with extra cheese.","我喜歡加很多起司的披薩。"
"French fries","薯條","He ordered French fries for lunch.","他午餐點了薯條。"
"lettuce","萵苣；生菜","Put some lettuce in the sandwich.","在三明治裡放一些生菜。"
"steak","牛排","My father cooked steak for dinner.","我爸爸晚餐煎了牛排。"
"spaghetti","義大利麵","She likes spaghetti with tomato sauce.","她喜歡番茄醬義大利麵。"
"toast","吐司","I had toast and milk this morning.","我今天早上吃吐司配牛奶。"
"salad","沙拉","The salad has fresh vegetables.","沙拉裡有新鮮蔬菜。"
"order","點餐；命令；順序","I’d like to order a burger.","我想點一個漢堡。"
"ham","火腿","He put ham in his sandwich.","他把火腿放進三明治裡。"
"menu","菜單","Can I see the menu?","我可以看菜單嗎？"
"castle","城堡","The old castle is on the hill.","那座古老的城堡在山丘上。"
"king","國王","The king ruled the country.","國王統治這個國家。"
"queen","女王","The queen waved to the crowd.","女王向人群揮手。"
"prince","王子","The prince lives in the castle.","王子住在城堡裡。"
"princess","公主","The princess wore a beautiful dress.","公主穿著一件漂亮的洋裝。"
"soldier","士兵","The soldier helped protect the town.","士兵幫忙保護城鎮。"
"dragon","龍","The dragon appears in the story.","龍出現在故事裡。"
"quiz","小考；測驗","We have an English quiz today.","我們今天有英文小考。"
"check","檢查","Please check your answers.","請檢查你的答案。"
"much","很多","Thank you very much!","非常感謝你！"
"habit","習慣","She has a habit of reading at night.","她有夜間閱讀的習慣。"
"word","zh","en_sentence","zh_sentence"
"sentence","句子","Write a sentence using this word.","用這個字寫一句話。"
"mark","記號；分數","Put a mark next to the answer.","在答案旁做一個記號。"
"dictionary","字典","Look it up in the dictionary.","在字典裡查一下。"
"point","指向；重點","Can you point to the map?","你可以指一下地圖嗎？"
"grade","年級；分數","He is in the 6th grade.","他念六年級。"
"mistake","錯誤","It was just a small mistake.","那只是一個小錯誤。"
"elementary school","小學","My brother goes to elementary school.","我弟弟讀小學。"
"bench","長椅","We sat on a bench in the park.","我們坐在公園的長椅上。"
"seat","座位","Please take your seat.","請坐下。"
"office","辦公室","She works in an office downtown.","她在市中心的辦公室工作。"
"post office","郵局","I mailed a letter at the post office.","我在郵局寄了一封信。"
"side","邊","Sit on the other side.","坐在另一邊。"
"way","路；方法","This is the way to the station.","這是去車站的路。"
"nobody","沒有人","Nobody was in the classroom.","教室裡沒有人。"
"guy","傢伙；男孩","That guy is my cousin.","那個男孩是我的表哥。"
"group","群體","Our group finished early.","我們這組提早完成了。"
"country","國家","Taiwan is my country.","台灣是我的國家。"
"program","節目；程式","I watched a TV program last night.","我昨晚看了一個電視節目。"
"straw","吸管；稻草","She drinks juice with a straw.","她用吸管喝果汁。"
"knife","刀子","Be careful with that knife.","小心那把刀。"
"fork","叉子","Use a fork to eat the salad.","用叉子吃沙拉。"
"spoon","湯匙","Use a spoon to eat soup.","用湯匙喝湯。"
"lovely","可愛的；美好的","What a lovely day!","多麼美好的一天！"
"clear","清楚的","Is my explanation clear?","我的解釋清楚嗎？"
"correct","正確的","That is the correct answer.","那是正確的答案。"
"far","遙遠的","The station is far from here.","車站離這裡很遠。"
"safe","安全的","Always wear a helmet to stay safe when you ride a bike.","騎腳踏車時一定要戴安全帽才能保持安全。"
"sharp","鋒利的；劇烈的","Be careful with that knife; it is very sharp.","要小心那把刀，它非常鋒利。"
"lazy","懶散的","The lazy cat sleeps on the sofa all day.","那隻懶散的貓整天躺在沙發上睡覺。"
"glad","高興的","I am glad we won the game today.","我很高興我們今天贏得了比賽。"
"excellent","優秀的","She did an excellent job on her science project.","她在科學專題上做得很優秀。"
"over","結束；超過","The cat jumped over the wall to catch the bird.","那隻貓跳過牆壁去追那隻鳥。"
"pass","經過；通過","We pass the library on our way to school.","我們上學的路上會經過圖書館。"
"fail","不及格；失敗","If you don’t study, you might fail the test.","如果你不讀書，你可能會考試不及格。"
"preparation","準備","Good preparation helped him do well in the contest.","良好的準備幫助他在比賽中表現優異。"
"cheat","作弊","Don’t cheat on the exam; be honest.","考試時不要作弊，要誠實。"
"copy","抄寫；複製","Please copy the notes from the board into your notebook.","請把黑板上的筆記抄到你的筆記本裡。"
"blow","吹","Blow on the hot soup before you eat it.","在吃燙湯前先吹一下。"
"knock","敲；打","Knock gently on the door before you enter.","進屋前請輕輕敲門。"
"rise","上升；升起","The sun will rise at six o’clock tomorrow morning.","明天早上六點太陽會升起。"
"decide","決定","I need to decide which book to read first.","我需要決定先讀哪一本書。"
"notice","注意","Please notice the sign that says ‘Keep Off the Grass.’","請注意寫著『請勿踩踏草皮』的告示。"
"collect","收集","He likes to collect stamps from different countries.","他喜歡收集來自不同國家的郵票。"
"leave","離開；遺忘","Don’t leave your umbrella at school when it rains.","下雨時不要把傘留在學校。"
"treat","款待；對待；處理","She will treat her friends to ice cream after school.","她放學後要請朋友們吃冰淇淋。"
"along","沿著","We walk along the river every weekend.","我們每個週末沿著河邊散步。"
"without","沒有","You cannot leave without a permission slip.","沒有請假單你不能離開。"
"inside","在…的裡面；在裡面","Please stay inside the classroom until the bell rings.","請待在教室裡面直到下課鈴響。"
"repeat","重複","Can you repeat the instructions so everyone can hear them?","你能重複一次指示，讓大家都能聽到嗎？"
"perhaps","或許","Perhaps we can go to the zoo this weekend.","或許我們這個週末可以去動物園。"
"if","如果；是否","Let me know if you need any help.","如果你需要幫助，請告訴我。"
"although","雖然","Although it was raining, they still played soccer.","雖然下雨，他們仍然踢足球。"
"hope","希望","I hope I can visit my grandparents during the holiday.","我希望假期期間可以去探望祖父母。"
"rule","規則；統治；裁決","The teacher explains the rules before we start the game.","老師在我們開始遊戲前說明規則。"
"wish","希望","I wish for good health for my family.","我希望我的家人健康平安。"
"dot","點點","Draw a dot at the end of each sentence.","在每個句子末尾畫一個點。"
"circle","圓圈","Please draw a circle around the correct answer.","請在正確的答案周圍畫一個圓圈。"
"shape","形狀；樣子","What shape is the sun in the drawing?","畫中太陽是什麼形狀？"
"size","尺寸","What size shoes do you wear?","你穿什麼尺寸的鞋？"
"square","正方形；廣場；正方形的","Draw a square on the paper and color it blue.","在紙上畫一個正方形並把它塗成藍色。"
"let","讓","Let me help you carry your backpack.","讓我幫你背書包。"
"yard","碼；庭院","They plant flowers in the front yard.","他們在前庭種花。"
"inch","英吋","Measure the length of the book in inches.","用英吋測量這本書的長度。"
"row","排；列","Please sit in a row during assembly.","請在集合時排成一列。"
"million","百萬","The population of the city is over one million.","這個城市的人口超過一百萬。"
"goose","鵝","A goose swam across the pond.","一隻鵝游過池塘。"
"bug","蟲子","I found a bug crawling on the window.","我發現一隻蟲子在窗戶上爬行。"
"hen","母雞","The hen laid five eggs this morning.","這隻母雞今天早上下了五顆蛋。"
"Halloween","萬聖節","We wear costumes and go trick-or-treating on Halloween.","萬聖節時我們穿上服裝去要糖果。"
"lantern","燈籠；提燈","Children carry lanterns during the mid‐autumn festival.","中秋節時孩子們提著燈籠。"
"ghost","鬼；靈魂","They told ghost stories around the campfire.","他們在營火旁講鬼故事。"
"mask","面具；口罩","He wore a mask at the school play.","他在校劇中戴著面具。"
"doorbell","門鈴","Ring the doorbell when you arrive at her house.","到她家時請按門鈴。"
"surprise","驚喜；(使)驚喜","They planned a surprise party for her birthday.","他們為她的生日策劃了一場驚喜派對。"
"experience","經驗；經歷","She shared her experience of traveling abroad.","她分享了出國旅行的經歷。"
"senior high school","高中","He will start senior high school next year.","他明年將開始讀高中。"
"joy","喜悅","She felt great joy when she saw her test score.","當她看到考試成績時感到非常喜悅。"
"oil","油","Add a little oil to the pan before cooking.","煮飯前先在鍋裡加一點油。"
"gas","瓦斯；汽油","We need to fill the car with gas before the trip.","旅行前我們需要把車加滿汽油。"
"top","頂部","She stood on the top of the hill and waved.","她站在山頂上揮手。"
"several","數個的","I have visited several countries in Asia.","我已經去過亞洲的數個國家。"
"real","真實的","Is this a real diamond or a fake?","這是真實的鑽石還是假的？"
"dangerous","危險的","It is dangerous to swim in the river after it rains.","雨後在河裡游泳很危險。"
"excited","感到興奮的","She was excited to go on the school trip.","她對校外教學感到很興奮。"
"exciting","令人興奮的","The roller coaster ride was very exciting.","過山車遊樂設施非常令人興奮。"
"scared","感到害怕的","He was scared when he saw the big dog.","看到那隻大狗時他感到很害怕。"
"bored","感到厭煩的","I get bored when there is nothing to do.","沒事做時我會感到厭煩。"
"homework","家庭作業","Please finish your homework before dinner.","請在晚餐前完成你的家庭作業。"
"surprised","感到驚訝的","She was surprised by the unexpected gift.","她對那份意外的禮物感到驚訝。"
"north","北方；向北","The wind is blowing from the north today.","今天風從北方吹來。"
"west","西方；向西","The sun sets in the west every evening.","太陽每天傍晚都在西方落下。"
"east","東方；向東","We saw a beautiful sunrise in the east.","我們在東方看到美麗的日出。"
"south","南方；向南","The river flows toward the south.","河流向南方流去。"
"grow","種植；發展","We grow tomatoes in our garden every summer.","我們每年夏天在花園裡種植番茄。"
"since","自從；因為","She has been happy since she got a new puppy.","自從她得到一隻新小狗後，她一直很開心。"
"traffic","交通","Traffic is heavy on this road during rush hour.","在尖峰時段這條路的交通很擁擠。"
"case","情況","In that case, we should leave early.","在那種情況下，我們應該早點離開。"
"gate","大門","Please wait for me at the school gate.","請在學校大門等我。"
"teenager","青少年","Many teenagers like to listen to pop music.","許多青少年喜歡聽流行音樂。"
"restroom","廁所","Where is the restroom in this building?","這棟建築物的廁所在哪裡？"
"uniform","制服","Students must wear their uniform to school every day.","學生每天都必須穿制服上學。"
"paint","動畫圖；油漆","Please paint the wall blue.","請把牆壁漆成藍色。"
"bridge","橋樑","We walked across the bridge to get to the park.","我們走過橋樑到達公園。"
"airport","機場","They arrived at the airport early in the morning.","他們一大早就到達機場。"
"postcard","明信片","She sent a postcard from her vacation in Japan.","她從日本度假時寄了一張明信片。"
"stair","樓梯","He climbed the stair to reach his room.","他爬樓梯到他的房間。"
"hard-working","勤奮工作的","She is a hard-working student who studies every day.","她是一個每天都勤奮學習的學生。"
"clap","拍（手）","Please clap your hands for the singer.","請為歌手拍手。"
"serious","嚴肅的；認真的","He looks serious during the exam.","他在考試時表情很嚴肅。"
"simple","簡單的","This math problem is very simple.","這道數學題非常簡單。"
"cross","跨越","Cross the street at the crosswalk.","在斑馬線處過馬路。"
"enter","進入","Enter the classroom quietly.","輕聲地進入教室。"
"appear","出現","A rainbow will appear after the rain.","雨後會出現彩虹。"
"space","空位；太空","We need space to play basketball.","我們需要空間來打籃球。"
"lie","說謊；謊言","Don't lie to your parents.","不要對你的父母說謊。"
"shine","發光；照耀","The sun will shine tomorrow.","明天太陽會照耀。"
"pray","祈求；祈禱","We pray for our family’s safety.","我們為家人的平安祈禱。"
"belong","屬於","That book belongs to me.","那本書屬於我。"
"build","建造；建立","They build a sandcastle on the beach.","他們在海灘上建造沙堡。"
"ever","曾經","Have you ever been to Tokyo?","你曾經去過東京嗎？"
"however","然而","However, it started to rain.","然而，開始下雨了。"
"almost","幾乎","I almost missed the bus.","我差點錯過公車。"
"finally","最後；終於","Finally, we finished the project.","最後我們終於完成了專案。"
"quite","相當地","She is quite good at singing.","她唱歌相當好。"
"whether","是否","I don't know whether it will rain.","我不知道是否會下雨。"
"stand","站住；攤子","Please stand in line.","請站隊。"
"except","除了","Everyone went except me.","除了我以外，所有人都去了。"
"club","社團","I joined the art club at school.","我加入了學校的美術社團。"
"chess","西洋棋","They play chess after class.","他們課後下西洋棋。"
"chalk","粉筆","Write on the board with chalk.","用粉筆在黑板上寫字。"
"newspaper","報紙","He reads the newspaper every morning.","他每天早上看報紙。"
"glue","膠水","Use glue to stick the pieces together.","用膠水把零件黏在一起。"
"hurry","匆忙；趕快","Hurry up or we will be late.","快一點，否則我們會遲到。"
"hobby","嗜好","My hobby is drawing.","我的嗜好是畫畫。"
"across","橫越；穿過","We walk across the bridge.","我們穿過那座橋。"
"vest","背心","He wears a vest in winter.","冬天他穿背心。"
"interest","興趣","I have an interest in science.","我對科學有興趣。"
"interested","感興趣的","She is interested in learning English.","她對學英語感興趣。"
"pleasure","快樂；喜悅","It is a pleasure to meet you.","很高興見到你。"
"business","事業","He works in his family's business.","他在家族事業工作。"
"salt","鹽","Add a pinch of salt to the soup.","在湯裡加一小撮鹽。"
"popcorn","爆米花","We eat popcorn at the movie theater.","我們在電影院吃爆米花。"
"bakery","麵包店","The bakery near my house sells fresh bread.","我家附近的麵包店賣新鮮麵包。"
"public","公眾；公共的","This is a public park.","這是一個公共公園。"
"truck","卡車","A truck delivers goods to the store.","卡車把貨物運到商店。"
"apartment","公寓","She lives in an apartment building.","她住在一棟公寓大樓裡。"
"heat","高溫；加熱","The heat in summer is uncomfortable.","夏天的高溫令人不舒服。"
"boss","老闆；上司","Her boss praised her work.","她的老闆讚揚了她的工作。"
"stranger","陌生人","Don't talk to strangers.","不要和陌生人說話。"
"meeting","會議","We have a meeting every Monday.","我們每個星期一都開會。"
"nod","點頭","She gave me a nod to say hello.","她向我點頭打招呼。"
"born","出生的；天生的","He was born in 2008.","他出生於2008年。"
"stupid","愚笨的","That was a stupid mistake.","那是一個愚笨的錯誤。"
"polite","有禮貌的","Be polite to your teachers.","對老師要有禮貌。"
"less","較少的","We have less homework today.","我們今天的作業比較少。"
"possible","可能的","Is it possible to finish early?","有可能提前完成嗎？"
"rich","富有的；豐富的","The rich man donated money to charity.","那位富有的人向慈善機構捐款。"
"brown","棕色(的)","I have a brown backpack.","我有一個棕色的書包。"
"honest","誠實的","Be honest with your friends.","對朋友要誠實。"
"bake","烘焙","My mom will bake a cake for my birthday.","我媽媽會為我的生日烘焙蛋糕。"
"attack","攻擊","The cat tried to attack the mouse.","那隻貓想攻擊那隻老鼠。"
"lend","借出","Can you lend me your pencil?","你能借我你的鉛筆嗎？"
"borrow","借入","May I borrow your eraser?","我可以借你的橡皮擦嗎？"
"pull","拉","Pull the door to open it.","拉一下門就能打開。"
"push","推","Push the button to start.","按下按鈕開始。"
"dig","挖","The dog likes to dig holes.","那隻狗喜歡挖洞。"
"fry","油炸；煎","Fry the egg in a pan.","在平底鍋裡煎蛋。"
"cover","覆蓋；封面","Cover the pot with a lid.","用蓋子把鍋蓋起來。"
"raise","舉起；提高","Please raise your hand.","請舉起你的手。"
"type","打字；類型","I can type fast on the computer.","我可以在電腦上快速打字。"
"follow","跟隨","Follow me, please.","請跟我來。"
"boil","煮沸","Boil the water before drinking it.","喝水前先把水煮沸。"
"below","在?下面","The temperature is below zero.","氣溫在零度以下。"
"above","在...之上","The picture hangs above the sofa.","那幅畫掛在沙發上方。"
"someone","某人","Someone called you earlier.","剛才有人打電話給你。"
"anyone","任何人","Anyone can join the game.","任何人都可以參加這個遊戲。"
"trouble","麻煩","He is in trouble.","他有麻煩了。"
"trick","把戲；惡作劇","The magic trick surprised us.","那個魔術把戲讓我們很驚訝。"
"power","力量；電力","Knowledge is power.","知識就是力量。"
"New Year's Day","元旦","New Year's Day is on January first.","元旦是一月一日。"
"eve","前夕","We had dinner together on the eve of the festival.","我們在節日前夕一起吃晚餐。"
"New Year's Eve","除夕；跨年夜","We watch fireworks on New Year's Eve.","我們在跨年夜看煙火。"
"Chinese New Year","農曆新年","Families get together for Chinese New Year.","家人們在農曆新年團聚。"
"dumpling","餃子","We eat dumplings for dinner.","我們晚餐吃餃子。"
"note","筆記；便條","He left a note on the fridge.","他在冰箱上留了張便條。"
"line","線；行列","Please stand in line.","請排隊。"
"voice","聲音","Her voice is soft and clear.","她的聲音柔和又清楚。"
"wake","醒來；叫醒","I wake up early every morning.","我每天早上很早醒來。"
"screen","螢幕","The teacher shows the video on the screen.","老師在螢幕上播放影片。"
"puppy","幼犬","The puppy plays with a ball in the yard.","幼犬在院子裡玩球。"
"lid","蓋子","Put the lid on the jar after you finish.","用完後把蓋子蓋上罐子。"
"cage","籠子","The bird sings in its cage every morning.","那隻鳥每天早上在籠子裡唱歌。"
"sight","視力；景象","The mountain view is a beautiful sight.","那座山的景象非常美麗。"
"secretary","秘書","The secretary answers phone calls at the office.","秘書在辦公室接電話。"
"list","清單","Write a list of things you need to buy.","寫一張你需要購買物品的清單。"
"pair","一雙；一對","I bought a new pair of shoes today.","我今天買了一雙新鞋。"
"pin","大頭針；別針","Use a pin to attach the note to the board.","用大頭針把便條釘在板子上。"
"pipe","水管","The plumber fixed the broken pipe under the sink.","水電工修好了水槽下壞掉的水管。"
"medium","中等的","He likes his coffee at medium temperature.","他喜歡中等溫度的咖啡。"
"married","已婚的","My aunt is married to a doctor.","我的阿姨已婚，她的丈夫是一位醫生。"
"modern","現代的；時髦的","They live in a modern house with big windows.","他們住在一棟有大窗戶的現代房子裡。"
"foreign","外國的","She studies foreign languages at school.","她在學校學習外國語。"
"national","國家的","They fly the national flag at the town square.","他們在鎮廣場上升起國旗。"
"few","不多的；很少的","Only a few students stayed after class for help.","只有少數學生下課後留下來請教。"
"useful","實用的","This dictionary is very useful for learning new words.","這本字典對學習新單字非常實用。"
"helpful","有幫助的","The tutor gave me helpful tips for studying.","家教給了我一些有幫助的學習建議。"
"least","最少的","She finished her homework in the least amount of time.","她用最少的時間完成了作業。"
"blind","盲的","The blind student reads with a special device.","那位盲人學生用特殊設備閱讀。"
"tidy","整齊的；整理","Please tidy your desk before you leave.","離開前請整理好你的書桌。"
"believe","相信","I believe in working hard to achieve my goals.","我相信努力工作可以實現我的目標。"
"celebrate","慶祝","We celebrate Teacher's Day with a small party.","我們用小型派對慶祝教師節。"
"laugh","笑","They laugh at the funny joke during recess.","課間休息時他們因為那個好笑的笑話而笑。"
"lead","領導","She will lead the team in the next game.","她將在下一場比賽中領導球隊。"
"playground","遊樂場；運動場","We meet our friends at the playground after school.","放學後我們在遊樂場與朋友碰面。"
"set","創立；擺設","Please set the table before dinner.","請在晚餐前擺好桌子。"
"bite","咬","Be careful, the dog might bite.","小心，那隻狗可能會咬人。"
"die","死亡","The flowers will die without water.","花若沒水就會枯死。"
"somewhere","某處","I left my book somewhere in the classroom.","我把書放在教室的某處。"
"abroad","到國外；在國外","She studies abroad next year.","她明年到國外念書。"
"beside","在旁邊","Sit beside me on the bench.","坐在長椅的我的旁邊。"
"example","例子","The teacher gave an example to explain the rule.","老師給了一個例子來解釋這個規則。"
"knowledge","知識","Reading books helps you gain knowledge.","閱讀書籍幫助你獲得知識。"
"matter","事情","It does not matter if you are late once.","偶爾遲到一次並不重要。"
"excuse","藉口；道歉；原諒","Excuse me for being late to class.","對不起，我上課遲到了。"
"magic","魔力；魔術；魔術的","He performed a magic trick with cards.","他用牌表演了一個魔術。"
"planet","星球；行星","Earth is our home planet.","地球是我們的家園星球。"
"base","基地；總部","The scouts set up base near the lake.","童子軍在湖邊建立了基地。"
"typhoon","颱風","The typhoon will reach us tomorrow.","颱風明天會到達我們這裡。"
"kilogram","公斤","This bag of rice weighs one kilogram.","這袋米重一公斤。"
"pound","磅","He lifted a ten-pound weight at the gym.","他在健身房舉起了十磅重物。"
"gram","公克","One hundred grams of sugar is in the recipe.","食譜中需要一百公克的糖。"
"page","頁","Turn to page twenty in your workbook.","翻到你的作業本第二十頁。"
"dozen","一打（十二個）","She bought a dozen eggs at the market.","她在市場買了一打雞蛋。"
"cent","分（錢）","The candy costs fifty cents.","這顆糖果要價五十分錢。"
"businessman","商人","The businessman traveled abroad for a meeting.","那位商人出國開會。"
"salesman","業務員","The salesman showed us the new product.","業務員向我們展示了新產品。"
"shopkeeper","店主","The shopkeeper greeted every customer with a smile.","店主向每位顧客微笑打招呼。"
"lawyer","律師","She wants to become a lawyer when she grows up.","她長大後想成為律師。"
"dentist","牙醫","I have an appointment with the dentist tomorrow.","我明天有牙醫預約。"
"touch","觸摸；感動","Don't touch the hot pan, it’s too hot.","不要觸摸那個熱鍋，非常燙。"
"headache","頭痛","I have a headache after studying all afternoon.","下午一直念書之後我頭痛。"
"cheer","鼓舞；歡呼","The crowd will cheer for the winning team.","人群會為獲勝的隊伍歡呼。"
"leader","領導者","The leader guided the group up the mountain.","領導者帶領小組爬上山。"
"class leader","班長","The class leader hands out the worksheets.","班長發放工作紙。"
"ready","準備好的","Are you ready for the test?","你準備好考試了嗎？"
"every","每一個的","Every student needs to bring a notebook.","每位學生都需要帶筆記本。"
"kill","殺","The farmer uses a trap to kill weeds.","農夫用陷阱除草。"
"barbecue","烤肉；烤肉野餐","They barbecue chicken in the backyard on weekends.","他們週末在後院烤雞。"
"sidewalk","人行道","Walk on the sidewalk, not in the street.","在人行道上走，不要在人行道外走。"
"middle","中間","Stand in the middle of the stage when you speak.","講話時要站在舞臺中間。"
"bottom","底部","Look at the bottom of the book for the index.","看書底部的索引。"
"shark","鯊魚","We saw a shark in the aquarium tank.","我們在水族館水槽裡看到鯊魚。"
"low","低的","The battery is low, so please charge your tablet.","電池電量低，請為你的平板充電。"
"dead","死亡的","The flowers are dead because you forgot to water them.","你忘了澆水，花都枯死了。"
"slim","苗條的；渺茫的","He has a slim chance of winning the lottery.","他中獎的機會很渺茫。"
"thick","厚的","The book has a thick cover to protect the pages.","這本書有一個厚的書皮來保護頁面。"
"burn","發熱；燃燒","Be careful not to burn your hand on the stove.","小心別把手燙傷在爐子上。"
"tie","繫；打結","Please tie your shoe laces before you run.","跑步前請先把鞋帶繫好。"
"deal","處理","He will deal with the problem after class.","他會在下課後處理這個問題。"
"piece","件；片","Give me one piece of paper, please.","請給我一張紙。"
"into","到…之中","Jump into the water, it's fun to swim!","跳進水裡，游泳很有趣！"
"Internet","網際網路","I research information on the Internet for my report.","我在網際網路上查資料做報告。"
"interview","面談；面試","She has an interview for a summer job tomorrow.","她明天有一個暑期工作的面試。"
